<ImportExportXml xmlns:xsi="http://www.w3.org/2001/XMLSchema-instance">
  <Entities>
    <Entity>
      <Name LocalizedName="Case" OriginalName="Case">Incident</Name>
      <ObjectTypeCode>112</ObjectTypeCode>
      <EntityInfo>
        <entity Name="Incident">
          <LocalizedNames>
            <LocalizedName description="Case" languagecode="1033" />
          </LocalizedNames>
          <LocalizedCollectionNames>
            <LocalizedCollectionName description="Cases" languagecode="1033" />
          </LocalizedCollectionNames>
          <Descriptions>
            <Description description="Service request case associated with a contract." languagecode="1033" />
          </Descriptions>
          <attributes />
          <IsDuplicateCheckSupported>1</IsDuplicateCheckSupported>
          <IsBusinessProcessEnabled>1</IsBusinessProcessEnabled>
          <IsRequiredOffline>0</IsRequiredOffline>
          <IsCollaboration>1</IsCollaboration>
          <AutoRouteToOwnerQueue>0</AutoRouteToOwnerQueue>
          <IsConnectionsEnabled>1</IsConnectionsEnabled>
          <IsDocumentManagementEnabled>0</IsDocumentManagementEnabled>
          <OwnershipTypeMask>UserOwned</OwnershipTypeMask>
          <EntityMask>ActivityPointer</EntityMask>
          <IsAuditEnabled>1</IsAuditEnabled>
          <IsActivity>0</IsActivity>
          <ActivityTypeMask></ActivityTypeMask>
          <IsActivityParty>1</IsActivityParty>
          <IsReplicated>1</IsReplicated>
          <IsReplicationUserFiltered>1</IsReplicationUserFiltered>
          <IsMailMergeEnabled>1</IsMailMergeEnabled>
          <IsVisibleInMobile>1</IsVisibleInMobile>
          <IsVisibleInMobileClient>1</IsVisibleInMobileClient>
          <IsReadOnlyInMobileClient>0</IsReadOnlyInMobileClient>
          <IsMapiGridEnabled>1</IsMapiGridEnabled>
          <IsReadingPaneEnabled>1</IsReadingPaneEnabled>
          <IsQuickCreateEnabled>1</IsQuickCreateEnabled>
          <IntroducedVersion>5.0.0.0</IntroducedVersion>
          <EnforceStateTransitions>0</EnforceStateTransitions>
          <EntityHelpUrlEnabled>0</EntityHelpUrlEnabled>
          <HasRelatedNotes>True</HasRelatedNotes>
          <HasRelatedActivities>True</HasRelatedActivities>
        </entity>
      </EntityInfo>
      <FormXml>
        <forms type="main">
          <systemform>
            <formid>{f658c846-f74c-459b-b591-b97558958106}</formid>
            <IntroducedVersion>5.0.0.0</IntroducedVersion>
            <FormPresentation>0</FormPresentation>
            <FormActivationState>1</FormActivationState>
            <form enablerelatedinformation="true">
              <tabs>
                <tab name="general" verticallayout="true" id="{06a2992a-9cc9-41a5-8f37-d2b2214fdde1}" IsUserDefined="0" ordinalvalue="1" solutionaction="Modified">
                  <columns>
                    <column width="100%" id="0">
                      <sections>
                        <section name="overview" showlabel="true" showbar="true" id="{51999b68-4b4c-439b-bb51-1b49edae03a9}" IsUserDefined="0" ordinalvalue="0">
                          <rows>
                            <row>
                              <cell colspan="2" id="{7aebc69c-c3bb-4489-a1f2-9faf3c8b363c}" ordinalvalue="10001" solutionaction="Modified" />
                            </row>
                            <row>
                              <cell auto="false" showlabel="true" locklevel="0" rowspan="1" colspan="2" id="{82172fc9-a003-4203-87e6-73c8808ae942}" ordinalvalue="10000" solutionaction="Modified" />
                            </row>
                          </rows>
                        </section>
                        <section name="contract and product information" showlabel="true" showbar="true" id="{af10583d-3e30-4e24-9e5d-d2a84638abe2}" IsUserDefined="0" locklevel="0" ordinalvalue="2">
                          <rows>
                            <row>
                              <cell auto="false" showlabel="true" locklevel="0" rowspan="1" id="{be75eccd-45f3-4b40-95a5-69551b1e453a}" ordinalvalue="20001">
                                <control id="productid" classid="{270BD3DB-D9AF-4782-9025-509E298DEC0A}" datafieldname="productid" disabled="false">
                                  <parameters>
                                    <DefaultViewId solutionaction="Removed">{58afc3c5-8add-4552-98cb-473bc8f75619}</DefaultViewId>
                                  </parameters>
                                </control>
                              </cell>
                            </row>
                          </rows>
                        </section>
                      </sections>
                    </column>
                  </columns>
                </tab>
                <tab name="notesandkb" id="{ecec23bf-2417-4bdc-a019-0a6aca6c2500}" IsUserDefined="0" expanded="false" ordinalvalue="2" solutionaction="Modified">
                  <columns>
                    <column width="100%" id="0">
                      <sections>
                        <section name="kb article" labelwidth="160" showlabel="true" showbar="true" locklevel="1" id="{e7405683-b295-4b3f-8c52-6fdc8b736a9c}" IsUserDefined="0" ordinalvalue="1">
                          <rows />
                        </section>
                      </sections>
                    </column>
                  </columns>
                </tab>
                <tab name="tab_recordwall" id="{e94e6ac4-12db-bc8c-ec81-8b20c5987655}" IsUserDefined="0" locklevel="0" showlabel="true" expanded="false" labelid="{217a4912-c4da-40bc-ade8-6b53c4983565}" ordinalvalue="0" solutionaction="Added">
                  <labels>
                    <label description="What's New" languagecode="1033" />
                  </labels>
                  <columns>
                    <column width="100%" id="0">
                      <sections>
                        <section name="tab_recordwall_section_1" showlabel="false" showbar="false" locklevel="0" id="{ac0addcc-a626-6c98-40ee-b11edac36204}" IsUserDefined="0" layout="varwidth" columns="1" labelwidth="115" celllabelalignment="Left" celllabelposition="Left" labelid="{dbd5a3b3-7593-4a4d-9897-88a1a603930a}" ordinalvalue="0">
                          <labels>
                            <label description="Section" languagecode="1033" />
                          </labels>
                          <rows>
                            <row>
                              <cell id="{be13b312-b6ac-83d7-34e1-e90dc1ecbec7}" showlabel="false" colspan="1" auto="false" rowspan="15" labelid="{da7e5ad8-9827-4178-85cf-74193c9dce85}" ordinalvalue="10000">
                                <labels>
                                  <label description="RecordWall" languagecode="1033" />
                                </labels>
                                <control id="WebResource_RecordWall" classid="{9FDF5F91-88B1-47f4-AD53-C11EFC01A01D}">
                                  <parameters>
                                    <Url>msdyn_/RecordWall.htm</Url>
                                    <PassParameters>true</PassParameters>
                                    <Security>false</Security>
                                    <Scrolling>auto</Scrolling>
                                    <Border>false</Border>
                                  </parameters>
                                </control>
                                <events>
                                  <event name="onload" application="0">
                                    <dependencies />
                                  </event>
                                </events>
                              </cell>
                            </row>
                            <row />
                            <row />
                            <row />
                            <row />
                            <row />
                            <row />
                            <row />
                            <row />
                            <row />
                            <row />
                            <row />
                            <row />
                            <row />
                            <row />
                          </rows>
                        </section>
                      </sections>
                    </column>
                  </columns>
                  <events>
                    <event name="tabstatechange" application="false" active="false">
                      <Handlers>
                        <Handler functionName="ActivityFeeds.Form.CustomizationUtils.updateRecordWallRenderingState" libraryName="msdyn_/ActivityFeeds.Form.js" handlerUniqueId="{9beb6ce6-2666-8033-a406-3d68d44b9592}" enabled="true" parameters="" passExecutionContext="true" />
                      </Handlers>
                    </event>
                  </events>
                </tab>
              </tabs>
              <formLibraries solutionaction="Added">
                <Library name="msdyn_/ActivityFeeds.Form.js" libraryUniqueId="{4181da4c-6d13-ba3c-c859-be404e4ee2e3}" />
              </formLibraries>
            </form>
            <LocalizedNames>
              <LocalizedName description="Information" languagecode="1033" />
            </LocalizedNames>
            <Descriptions>
              <Description description="A form for this entity." languagecode="1033" />
            </Descriptions>
          </systemform>
        </forms>
      </FormXml>
      <SavedQueries>
        <savedqueries>
          <savedquery>
            <IsCustomizable>1</IsCustomizable>
            <CanBeDeleted>1</CanBeDeleted>
            <isquickfindquery>0</isquickfindquery>
            <isprivate>0</isprivate>
            <isdefault>0</isdefault>
            <returnedtypecode>112</returnedtypecode>
            <savedqueryid>{fa0337e2-2f59-e411-a8e8-6c3be5a8fdb8}</savedqueryid>
            <layoutxml>
              <grid name="resultset" object="112" jump="title" select="1" preview="1" icon="1">
                <row name="result" id="incidentid">
                  <cell name="title" width="150" />
                  <cell name="casetypecode" width="100" />
                  <cell name="description" width="100" disableSorting="1" />
                </row>
              </grid>
            </layoutxml>
            <querytype>0</querytype>
            <fetchxml>
              <fetch version="1.0" output-format="xml-platform" mapping="logical">
                <entity name="incident">
                  <order attribute="title" descending="false" />
                  <attribute name="description" />
                  <attribute name="casetypecode" />
                  <attribute name="incidentid" />
                </entity>
              </fetch>
            </fetchxml>
            <IntroducedVersion>1.0</IntroducedVersion>
            <LocalizedNames>
              <LocalizedName description="P2C_CaseCreate" languagecode="1033" />
            </LocalizedNames>
          </savedquery>
          <savedquery>
            <IsCustomizable>1</IsCustomizable>
            <CanBeDeleted>1</CanBeDeleted>
            <isquickfindquery>0</isquickfindquery>
            <isprivate>0</isprivate>
            <isdefault>0</isdefault>
            <returnedtypecode>112</returnedtypecode>
            <savedqueryid>{e223bab8-2f59-e411-a8e8-6c3be5a8fdb8}</savedqueryid>
            <layoutxml>
              <grid name="resultset" object="112" jump="title" select="1" preview="1" icon="1">
                <row name="result" id="incidentid">
                  <cell name="ticketnumber" width="100" />
                  <cell name="title" width="150" />
                  <cell name="createdon" width="100" />
                  <cell name="description" width="100" disableSorting="1" />
                  <cell name="statecode" width="100" />
                  <cell name="statuscode" width="100" />
                </row>
              </grid>
            </layoutxml>
            <querytype>0</querytype>
            <fetchxml>
              <fetch version="1.0" output-format="xml-platform" mapping="logical">
                <entity name="incident">
                  <order attribute="ticketnumber" descending="true" />
                  <order attribute="createdon" descending="true" />
                  <attribute name="ticketnumber" />
                  <attribute name="createdon" />
                  <attribute name="description" />
                  <attribute name="statuscode" />
                  <attribute name="statecode" />
                  <attribute name="incidentid" />
                </entity>
              </fetch>
            </fetchxml>
            <IntroducedVersion>1.0</IntroducedVersion>
            <LocalizedNames>
              <LocalizedName description="P2C_CaseDetails" languagecode="1033" />
            </LocalizedNames>
          </savedquery>
          <savedquery>
            <IsCustomizable>1</IsCustomizable>
            <CanBeDeleted>1</CanBeDeleted>
            <isquickfindquery>0</isquickfindquery>
            <isprivate>0</isprivate>
            <isdefault>0</isdefault>
            <returnedtypecode>112</returnedtypecode>
            <savedqueryid>{02e156b2-2f59-e411-a8e8-6c3be5a8fdb8}</savedqueryid>
            <layoutxml>
              <grid name="resultset" object="112" jump="title" select="1" preview="1" icon="1">
                <row name="result" id="incidentid">
                  <cell name="ticketnumber" width="100" />
                  <cell name="title" width="150" />
                  <cell name="casetypecode" width="100" />
                  <cell name="description" width="100" disableSorting="1" />
                  <cell name="createdon" width="100" />
                  <cell name="modifiedon" width="100" />
                  <cell name="statecode" width="100" />
                </row>
              </grid>
            </layoutxml>
            <querytype>0</querytype>
            <fetchxml>
              <fetch version="1.0" output-format="xml-platform" mapping="logical">
                <entity name="incident">
                  <order attribute="modifiedon" descending="true" />
                  <order attribute="statecode" descending="true" />
                  <attribute name="casetypecode" />
                  <attribute name="description" />
                  <attribute name="ticketnumber" />
                  <attribute name="createdon" />
                  <attribute name="modifiedon" />
                  <attribute name="statecode" />
                  <attribute name="incidentid" />
                </entity>
              </fetch>
            </fetchxml>
            <IntroducedVersion>1.0</IntroducedVersion>
            <LocalizedNames>
              <LocalizedName description="P2C_CaseView" languagecode="1033" />
            </LocalizedNames>
          </savedquery>
        </savedqueries>
      </SavedQueries>
      <RibbonDiffXml>
        <CustomActions />
        <Templates>
          <RibbonTemplates Id="Mscrm.Templates"></RibbonTemplates>
        </Templates>
        <CommandDefinitions />
        <RuleDefinitions>
          <TabDisplayRules />
          <DisplayRules />
          <EnableRules />
        </RuleDefinitions>
        <LocLabels />
      </RibbonDiffXml>
    </Entity>
  </Entities>
  <Roles></Roles>
  <Workflows></Workflows>
  <FieldSecurityProfiles></FieldSecurityProfiles>
  <Templates />
  <EntityMaps />
  <EntityRelationships>
    <EntityRelationship Name="Incident_ActivityPointers">
      <EntityRelationshipType>OneToMany</EntityRelationshipType>
      <IntroducedVersion>5.0.0.0</IntroducedVersion>
      <IsHierarchical>0</IsHierarchical>
      <ReferencingEntityName>ActivityPointer</ReferencingEntityName>
      <ReferencedEntityName>Incident</ReferencedEntityName>
      <CascadeAssign>NoCascade</CascadeAssign>
      <CascadeDelete>RemoveLink</CascadeDelete>
      <CascadeReparent>NoCascade</CascadeReparent>
      <CascadeShare>NoCascade</CascadeShare>
      <CascadeUnshare>NoCascade</CascadeUnshare>
      <ReferencingAttributeName>RegardingObjectId</ReferencingAttributeName>
      <RelationshipDescription>
        <Descriptions>
          <Description description="Unique identifier of the object with which the activity is associated." languagecode="1033" />
        </Descriptions>
      </RelationshipDescription>
      <field name="regardingobjectid" requiredlevel="none" imemode="auto" lookupstyle="single" lookupbrowse="0" format="regarding">
        <IsSecured>0</IsSecured>
        <DisplayMask>ValidForAdvancedFind|ValidForForm|ValidForGrid</DisplayMask>
        <IsAuditEnabled>1</IsAuditEnabled>
        <displaynames>
          <displayname description="Regarding" languagecode="1033" />
        </displaynames>
      </field>
      <EntityRelationshipRoles>
        <EntityRelationshipRole>
          <NavPaneDisplayOption>UseCollectionName</NavPaneDisplayOption>
          <NavPaneArea>Details</NavPaneArea>
          <NavPaneOrder>10</NavPaneOrder>
        </EntityRelationshipRole>
      </EntityRelationshipRoles>
    </EntityRelationship>
    <EntityRelationship Name="Incident_Annotation">
      <EntityRelationshipType>OneToMany</EntityRelationshipType>
      <IntroducedVersion>5.0.0.0</IntroducedVersion>
      <IsHierarchical>0</IsHierarchical>
      <ReferencingEntityName>Annotation</ReferencingEntityName>
      <ReferencedEntityName>Incident</ReferencedEntityName>
      <CascadeAssign>Cascade</CascadeAssign>
      <CascadeDelete>Cascade</CascadeDelete>
      <CascadeReparent>Cascade</CascadeReparent>
      <CascadeShare>Cascade</CascadeShare>
      <CascadeUnshare>Cascade</CascadeUnshare>
      <ReferencingAttributeName>ObjectId</ReferencingAttributeName>
      <RelationshipDescription>
        <Descriptions>
          <Description description="Unique identifier of the object with which the note is associated." languagecode="1033" />
        </Descriptions>
      </RelationshipDescription>
      <field name="objectid" requiredlevel="none" imemode="auto" lookupstyle="single" lookupbrowse="0" format="">
        <IsSecured>0</IsSecured>
        <IsAuditEnabled>1</IsAuditEnabled>
        <displaynames>
          <displayname description="Regarding" languagecode="1033" />
        </displaynames>
      </field>
    </EntityRelationship>
    <EntityRelationship Name="Incident_Appointments">
      <EntityRelationshipType>OneToMany</EntityRelationshipType>
      <IntroducedVersion>5.0.0.0</IntroducedVersion>
      <IsHierarchical>0</IsHierarchical>
      <ReferencingEntityName>Appointment</ReferencingEntityName>
      <ReferencedEntityName>Incident</ReferencedEntityName>
      <CascadeAssign>Cascade</CascadeAssign>
      <CascadeDelete>Cascade</CascadeDelete>
      <CascadeReparent>Cascade</CascadeReparent>
      <CascadeShare>Cascade</CascadeShare>
      <CascadeUnshare>Cascade</CascadeUnshare>
      <ReferencingAttributeName>RegardingObjectId</ReferencingAttributeName>
      <RelationshipDescription>
        <Descriptions>
          <Description description="Unique identifier of the object with which the appointment is associated." languagecode="1033" />
        </Descriptions>
      </RelationshipDescription>
      <field name="regardingobjectid" requiredlevel="none" imemode="auto" lookupstyle="single" lookupbrowse="0" format="regarding">
        <IsSecured>0</IsSecured>
        <DisplayMask>ValidForAdvancedFind|ValidForForm|ValidForGrid</DisplayMask>
        <IsAuditEnabled>1</IsAuditEnabled>
        <displaynames>
          <displayname description="Regarding" languagecode="1033" />
        </displaynames>
      </field>
    </EntityRelationship>
    <EntityRelationship Name="Incident_AsyncOperations">
      <EntityRelationshipType>OneToMany</EntityRelationshipType>
      <IntroducedVersion>5.0.0.0</IntroducedVersion>
      <IsHierarchical>0</IsHierarchical>
      <ReferencingEntityName>AsyncOperation</ReferencingEntityName>
      <ReferencedEntityName>Incident</ReferencedEntityName>
      <CascadeAssign>NoCascade</CascadeAssign>
      <CascadeDelete>NoCascade</CascadeDelete>
      <CascadeReparent>NoCascade</CascadeReparent>
      <CascadeShare>NoCascade</CascadeShare>
      <CascadeUnshare>NoCascade</CascadeUnshare>
      <ReferencingAttributeName>RegardingObjectId</ReferencingAttributeName>
      <RelationshipDescription>
        <Descriptions>
          <Description description="Unique identifier of the object with which the system job is associated." languagecode="1033" />
        </Descriptions>
      </RelationshipDescription>
      <field name="regardingobjectid" requiredlevel="none" imemode="auto" lookupstyle="single" lookupbrowse="0" format="regarding">
        <IsSecured>0</IsSecured>
        <DisplayMask>ValidForAdvancedFind|ValidForForm|ValidForGrid</DisplayMask>
        <IsAuditEnabled>1</IsAuditEnabled>
        <displaynames>
          <displayname description="Regarding" languagecode="1033" />
        </displaynames>
      </field>
    </EntityRelationship>
    <EntityRelationship Name="Incident_BulkDeleteFailures">
      <EntityRelationshipType>OneToMany</EntityRelationshipType>
      <IntroducedVersion>5.0.0.0</IntroducedVersion>
      <IsHierarchical>0</IsHierarchical>
      <ReferencingEntityName>BulkDeleteFailure</ReferencingEntityName>
      <ReferencedEntityName>Incident</ReferencedEntityName>
      <CascadeAssign>NoCascade</CascadeAssign>
      <CascadeDelete>Cascade</CascadeDelete>
      <CascadeReparent>NoCascade</CascadeReparent>
      <CascadeShare>NoCascade</CascadeShare>
      <CascadeUnshare>NoCascade</CascadeUnshare>
      <ReferencingAttributeName>RegardingObjectId</ReferencingAttributeName>
      <RelationshipDescription>
        <Descriptions>
          <Description description="Unique identifier of the record that can not be deleted." languagecode="1033" />
        </Descriptions>
      </RelationshipDescription>
      <field name="regardingobjectid" requiredlevel="none" imemode="auto" lookupstyle="single" lookupbrowse="0" format="regarding">
        <IsSecured>0</IsSecured>
        <DisplayMask>ValidForAdvancedFind|ValidForForm|ValidForGrid</DisplayMask>
        <IsAuditEnabled>1</IsAuditEnabled>
        <displaynames>
          <displayname description="Name" languagecode="1033" />
        </displaynames>
      </field>
    </EntityRelationship>
    <EntityRelationship Name="incident_connections1">
      <EntityRelationshipType>OneToMany</EntityRelationshipType>
      <IntroducedVersion>5.0.0.0</IntroducedVersion>
      <IsHierarchical>0</IsHierarchical>
      <ReferencingEntityName>Connection</ReferencingEntityName>
      <ReferencedEntityName>Incident</ReferencedEntityName>
      <CascadeAssign>NoCascade</CascadeAssign>
      <CascadeDelete>Cascade</CascadeDelete>
      <CascadeReparent>NoCascade</CascadeReparent>
      <CascadeShare>NoCascade</CascadeShare>
      <CascadeUnshare>NoCascade</CascadeUnshare>
      <ReferencingAttributeName>Record1Id</ReferencingAttributeName>
      <RelationshipDescription>
        <Descriptions>
          <Description description="Unique identifier of the source record." languagecode="1033" />
        </Descriptions>
      </RelationshipDescription>
      <field name="record1id" requiredlevel="none" imemode="auto" lookupstyle="single" lookupbrowse="0" format="connection">
        <IsSecured>0</IsSecured>
        <DisplayMask>ValidForAdvancedFind|ValidForForm|ValidForGrid|RequiredForForm</DisplayMask>
        <IsAuditEnabled>1</IsAuditEnabled>
        <displaynames>
          <displayname description="Connected From" languagecode="1033" />
        </displaynames>
      </field>
    </EntityRelationship>
    <EntityRelationship Name="incident_connections2">
      <EntityRelationshipType>OneToMany</EntityRelationshipType>
      <IntroducedVersion>5.0.0.0</IntroducedVersion>
      <IsHierarchical>0</IsHierarchical>
      <ReferencingEntityName>Connection</ReferencingEntityName>
      <ReferencedEntityName>Incident</ReferencedEntityName>
      <CascadeAssign>NoCascade</CascadeAssign>
      <CascadeDelete>Cascade</CascadeDelete>
      <CascadeReparent>NoCascade</CascadeReparent>
      <CascadeShare>NoCascade</CascadeShare>
      <CascadeUnshare>NoCascade</CascadeUnshare>
      <ReferencingAttributeName>Record2Id</ReferencingAttributeName>
      <RelationshipDescription>
        <Descriptions>
          <Description description="Unique identifier of the target record." languagecode="1033" />
        </Descriptions>
      </RelationshipDescription>
      <field name="record2id" requiredlevel="none" imemode="auto" lookupstyle="single" lookupbrowse="0" format="connection">
        <IsSecured>0</IsSecured>
        <DisplayMask>ValidForAdvancedFind|ValidForForm|ValidForGrid|RequiredForForm</DisplayMask>
        <IsAuditEnabled>1</IsAuditEnabled>
        <displaynames>
          <displayname description="Connected To" languagecode="1033" />
        </displaynames>
      </field>
    </EntityRelationship>
    <EntityRelationship Name="Incident_DuplicateBaseRecord">
      <EntityRelationshipType>OneToMany</EntityRelationshipType>
      <IntroducedVersion>5.0.0.0</IntroducedVersion>
      <IsHierarchical>0</IsHierarchical>
      <ReferencingEntityName>DuplicateRecord</ReferencingEntityName>
      <ReferencedEntityName>Incident</ReferencedEntityName>
      <CascadeAssign>NoCascade</CascadeAssign>
      <CascadeDelete>Cascade</CascadeDelete>
      <CascadeReparent>NoCascade</CascadeReparent>
      <CascadeShare>NoCascade</CascadeShare>
      <CascadeUnshare>NoCascade</CascadeUnshare>
      <ReferencingAttributeName>BaseRecordId</ReferencingAttributeName>
      <RelationshipDescription>
        <Descriptions>
          <Description description="Unique identifier of the base record." languagecode="1033" />
        </Descriptions>
      </RelationshipDescription>
      <field name="baserecordid" requiredlevel="none" imemode="auto" lookupstyle="single" lookupbrowse="0" format="">
        <IsSecured>0</IsSecured>
        <DisplayMask>ValidForAdvancedFind|ValidForForm|ValidForGrid</DisplayMask>
        <IsAuditEnabled>1</IsAuditEnabled>
        <displaynames>
          <displayname description="Base Record ID" languagecode="1033" />
        </displaynames>
      </field>
    </EntityRelationship>
    <EntityRelationship Name="Incident_DuplicateMatchingRecord">
      <EntityRelationshipType>OneToMany</EntityRelationshipType>
      <IntroducedVersion>5.0.0.0</IntroducedVersion>
      <IsHierarchical>0</IsHierarchical>
      <ReferencingEntityName>DuplicateRecord</ReferencingEntityName>
      <ReferencedEntityName>Incident</ReferencedEntityName>
      <CascadeAssign>NoCascade</CascadeAssign>
      <CascadeDelete>Cascade</CascadeDelete>
      <CascadeReparent>NoCascade</CascadeReparent>
      <CascadeShare>NoCascade</CascadeShare>
      <CascadeUnshare>NoCascade</CascadeUnshare>
      <ReferencingAttributeName>DuplicateRecordId</ReferencingAttributeName>
      <RelationshipDescription>
        <Descriptions>
          <Description description="Unique identifier of the potential duplicate record." languagecode="1033" />
        </Descriptions>
      </RelationshipDescription>
      <field name="duplicaterecordid" requiredlevel="none" imemode="auto" lookupstyle="single" lookupbrowse="0" format="">
        <IsSecured>0</IsSecured>
        <DisplayMask>ValidForAdvancedFind|ValidForForm|ValidForGrid</DisplayMask>
        <IsAuditEnabled>1</IsAuditEnabled>
        <displaynames>
          <displayname description="Duplicate Record ID" languagecode="1033" />
        </displaynames>
      </field>
    </EntityRelationship>
    <EntityRelationship Name="Incident_Emails">
      <EntityRelationshipType>OneToMany</EntityRelationshipType>
      <IntroducedVersion>5.0.0.0</IntroducedVersion>
      <IsHierarchical>0</IsHierarchical>
      <ReferencingEntityName>Email</ReferencingEntityName>
      <ReferencedEntityName>Incident</ReferencedEntityName>
      <CascadeAssign>Cascade</CascadeAssign>
      <CascadeDelete>Cascade</CascadeDelete>
      <CascadeReparent>Cascade</CascadeReparent>
      <CascadeShare>Cascade</CascadeShare>
      <CascadeUnshare>Cascade</CascadeUnshare>
      <ReferencingAttributeName>RegardingObjectId</ReferencingAttributeName>
      <RelationshipDescription>
        <Descriptions>
          <Description description="Unique identifier of the object with which the e-mail is associated." languagecode="1033" />
        </Descriptions>
      </RelationshipDescription>
      <field name="regardingobjectid" requiredlevel="none" imemode="auto" lookupstyle="single" lookupbrowse="0" format="regarding">
        <IsSecured>0</IsSecured>
        <DisplayMask>ValidForAdvancedFind|ValidForForm|ValidForGrid|RequiredForForm</DisplayMask>
        <IsAuditEnabled>1</IsAuditEnabled>
        <displaynames>
          <displayname description="Regarding" languagecode="1033" />
        </displaynames>
      </field>
    </EntityRelationship>
    <EntityRelationship Name="Incident_Faxes">
      <EntityRelationshipType>OneToMany</EntityRelationshipType>
      <IntroducedVersion>5.0.0.0</IntroducedVersion>
      <IsHierarchical>0</IsHierarchical>
      <ReferencingEntityName>Fax</ReferencingEntityName>
      <ReferencedEntityName>Incident</ReferencedEntityName>
      <CascadeAssign>Cascade</CascadeAssign>
      <CascadeDelete>Cascade</CascadeDelete>
      <CascadeReparent>Cascade</CascadeReparent>
      <CascadeShare>Cascade</CascadeShare>
      <CascadeUnshare>Cascade</CascadeUnshare>
      <ReferencingAttributeName>RegardingObjectId</ReferencingAttributeName>
      <RelationshipDescription>
        <Descriptions>
          <Description description="Unique identifier of the object with which the fax activity is associated." languagecode="1033" />
        </Descriptions>
      </RelationshipDescription>
      <field name="regardingobjectid" requiredlevel="none" imemode="auto" lookupstyle="single" lookupbrowse="0" format="regarding">
        <IsSecured>0</IsSecured>
        <DisplayMask>ValidForAdvancedFind|ValidForForm|ValidForGrid</DisplayMask>
        <IsAuditEnabled>1</IsAuditEnabled>
        <displaynames>
          <displayname description="Regarding" languagecode="1033" />
        </displaynames>
      </field>
    </EntityRelationship>
    <EntityRelationship Name="Incident_Letters">
      <EntityRelationshipType>OneToMany</EntityRelationshipType>
      <IntroducedVersion>5.0.0.0</IntroducedVersion>
      <IsHierarchical>0</IsHierarchical>
      <ReferencingEntityName>Letter</ReferencingEntityName>
      <ReferencedEntityName>Incident</ReferencedEntityName>
      <CascadeAssign>Cascade</CascadeAssign>
      <CascadeDelete>Cascade</CascadeDelete>
      <CascadeReparent>Cascade</CascadeReparent>
      <CascadeShare>Cascade</CascadeShare>
      <CascadeUnshare>Cascade</CascadeUnshare>
      <ReferencingAttributeName>RegardingObjectId</ReferencingAttributeName>
      <RelationshipDescription>
        <Descriptions>
          <Description description="Unique identifier of the object with which the letter activity is associated." languagecode="1033" />
        </Descriptions>
      </RelationshipDescription>
      <field name="regardingobjectid" requiredlevel="none" imemode="auto" lookupstyle="single" lookupbrowse="0" format="regarding">
        <IsSecured>0</IsSecured>
        <DisplayMask>ValidForAdvancedFind|ValidForForm|ValidForGrid</DisplayMask>
        <IsAuditEnabled>1</IsAuditEnabled>
        <displaynames>
          <displayname description="Regarding" languagecode="1033" />
        </displaynames>
      </field>
    </EntityRelationship>
    <EntityRelationship Name="Incident_Phonecalls">
      <EntityRelationshipType>OneToMany</EntityRelationshipType>
      <IntroducedVersion>5.0.0.0</IntroducedVersion>
      <IsHierarchical>0</IsHierarchical>
      <ReferencingEntityName>PhoneCall</ReferencingEntityName>
      <ReferencedEntityName>Incident</ReferencedEntityName>
      <CascadeAssign>Cascade</CascadeAssign>
      <CascadeDelete>Cascade</CascadeDelete>
      <CascadeReparent>Cascade</CascadeReparent>
      <CascadeShare>Cascade</CascadeShare>
      <CascadeUnshare>Cascade</CascadeUnshare>
      <ReferencingAttributeName>RegardingObjectId</ReferencingAttributeName>
      <RelationshipDescription>
        <Descriptions>
          <Description description="Unique identifier of the object with which the phone call activity is associated." languagecode="1033" />
        </Descriptions>
      </RelationshipDescription>
      <field name="regardingobjectid" requiredlevel="none" imemode="auto" lookupstyle="single" lookupbrowse="0" format="regarding">
        <IsSecured>0</IsSecured>
        <DisplayMask>ValidForAdvancedFind|ValidForForm|ValidForGrid</DisplayMask>
        <IsAuditEnabled>1</IsAuditEnabled>
        <displaynames>
          <displayname description="Regarding" languagecode="1033" />
        </displaynames>
      </field>
    </EntityRelationship>
    <EntityRelationship Name="incident_principalobjectattributeaccess">
      <EntityRelationshipType>OneToMany</EntityRelationshipType>
      <IntroducedVersion>5.0.0.0</IntroducedVersion>
      <IsHierarchical>0</IsHierarchical>
      <ReferencingEntityName>PrincipalObjectAttributeAccess</ReferencingEntityName>
      <ReferencedEntityName>Incident</ReferencedEntityName>
      <CascadeAssign>NoCascade</CascadeAssign>
      <CascadeDelete>Cascade</CascadeDelete>
      <CascadeReparent>NoCascade</CascadeReparent>
      <CascadeShare>NoCascade</CascadeShare>
      <CascadeUnshare>NoCascade</CascadeUnshare>
      <ReferencingAttributeName>ObjectId</ReferencingAttributeName>
      <RelationshipDescription>
        <Descriptions>
          <Description description="Unique identifier of the entity instance with shared secured field" languagecode="1033" />
        </Descriptions>
      </RelationshipDescription>
      <field name="objectid" requiredlevel="systemrequired" imemode="auto" lookupstyle="single" lookupbrowse="0" format="regarding">
        <IsSecured>0</IsSecured>
        <DisplayMask>ValidForForm|ValidForGrid</DisplayMask>
        <IsAuditEnabled>1</IsAuditEnabled>
        <displaynames>
          <displayname description="Entity instance" languagecode="1033" />
        </displaynames>
      </field>
    </EntityRelationship>
    <EntityRelationship Name="Incident_ProcessSessions">
      <EntityRelationshipType>OneToMany</EntityRelationshipType>
      <IntroducedVersion>5.0.0.0</IntroducedVersion>
      <IsHierarchical>0</IsHierarchical>
      <ReferencingEntityName>ProcessSession</ReferencingEntityName>
      <ReferencedEntityName>Incident</ReferencedEntityName>
      <CascadeAssign>NoCascade</CascadeAssign>
      <CascadeDelete>NoCascade</CascadeDelete>
      <CascadeReparent>NoCascade</CascadeReparent>
      <CascadeShare>NoCascade</CascadeShare>
      <CascadeUnshare>NoCascade</CascadeUnshare>
      <ReferencingAttributeName>RegardingObjectId</ReferencingAttributeName>
      <RelationshipDescription>
        <Descriptions>
          <Description description="Unique identifier of the object with which the dialog session is associated." languagecode="1033" />
        </Descriptions>
      </RelationshipDescription>
      <field name="regardingobjectid" requiredlevel="none" imemode="auto" lookupstyle="single" lookupbrowse="0" format="regarding">
        <IsSecured>0</IsSecured>
        <DisplayMask>ValidForAdvancedFind|ValidForGrid</DisplayMask>
        <IsAuditEnabled>1</IsAuditEnabled>
        <displaynames>
          <displayname description="Regarding" languagecode="1033" />
        </displaynames>
      </field>
    </EntityRelationship>
    <EntityRelationship Name="Incident_RecurringAppointmentMasters">
      <EntityRelationshipType>OneToMany</EntityRelationshipType>
      <IntroducedVersion>5.0.0.0</IntroducedVersion>
      <IsHierarchical>0</IsHierarchical>
      <ReferencingEntityName>RecurringAppointmentMaster</ReferencingEntityName>
      <ReferencedEntityName>Incident</ReferencedEntityName>
      <CascadeAssign>Cascade</CascadeAssign>
      <CascadeDelete>Cascade</CascadeDelete>
      <CascadeReparent>Cascade</CascadeReparent>
      <CascadeShare>Cascade</CascadeShare>
      <CascadeUnshare>Cascade</CascadeUnshare>
      <ReferencingAttributeName>RegardingObjectId</ReferencingAttributeName>
      <RelationshipDescription>
        <Descriptions>
          <Description description="Unique identifier of the object with which the recurring appointment series is associated." languagecode="1033" />
        </Descriptions>
      </RelationshipDescription>
      <field name="regardingobjectid" requiredlevel="none" imemode="auto" lookupstyle="single" lookupbrowse="0" format="regarding">
        <IsSecured>0</IsSecured>
        <DisplayMask>ValidForAdvancedFind|ValidForForm|ValidForGrid</DisplayMask>
        <IsAuditEnabled>1</IsAuditEnabled>
        <displaynames>
          <displayname description="Regarding" languagecode="1033" />
        </displaynames>
      </field>
    </EntityRelationship>
    <EntityRelationship Name="Incident_ServiceAppointments">
      <EntityRelationshipType>OneToMany</EntityRelationshipType>
      <IntroducedVersion>5.0.0.0</IntroducedVersion>
      <IsHierarchical>0</IsHierarchical>
      <ReferencingEntityName>ServiceAppointment</ReferencingEntityName>
      <ReferencedEntityName>Incident</ReferencedEntityName>
      <CascadeAssign>Cascade</CascadeAssign>
      <CascadeDelete>RemoveLink</CascadeDelete>
      <CascadeReparent>Cascade</CascadeReparent>
      <CascadeShare>Cascade</CascadeShare>
      <CascadeUnshare>Cascade</CascadeUnshare>
      <ReferencingAttributeName>RegardingObjectId</ReferencingAttributeName>
      <RelationshipDescription>
        <Descriptions>
          <Description description="Unique identifier of the object with which the service activity is associated." languagecode="1033" />
        </Descriptions>
      </RelationshipDescription>
      <field name="regardingobjectid" requiredlevel="none" imemode="auto" lookupstyle="single" lookupbrowse="0" format="regarding">
        <IsSecured>0</IsSecured>
        <DisplayMask>ValidForAdvancedFind|ValidForForm|ValidForGrid</DisplayMask>
        <IsAuditEnabled>1</IsAuditEnabled>
        <displaynames>
          <displayname description="Regarding" languagecode="1033" />
        </displaynames>
      </field>
    </EntityRelationship>
    <EntityRelationship Name="Incident_Tasks">
      <EntityRelationshipType>OneToMany</EntityRelationshipType>
      <IntroducedVersion>5.0.0.0</IntroducedVersion>
      <IsHierarchical>0</IsHierarchical>
      <ReferencingEntityName>Task</ReferencingEntityName>
      <ReferencedEntityName>Incident</ReferencedEntityName>
      <CascadeAssign>Cascade</CascadeAssign>
      <CascadeDelete>Cascade</CascadeDelete>
      <CascadeReparent>Cascade</CascadeReparent>
      <CascadeShare>Cascade</CascadeShare>
      <CascadeUnshare>Cascade</CascadeUnshare>
      <ReferencingAttributeName>RegardingObjectId</ReferencingAttributeName>
      <RelationshipDescription>
        <Descriptions>
          <Description description="Unique identifier of the object with which the task is associated." languagecode="1033" />
        </Descriptions>
      </RelationshipDescription>
      <field name="regardingobjectid" requiredlevel="none" imemode="auto" lookupstyle="single" lookupbrowse="0" format="regarding">
        <IsSecured>0</IsSecured>
        <DisplayMask>ValidForAdvancedFind|ValidForForm|ValidForGrid</DisplayMask>
        <IsAuditEnabled>1</IsAuditEnabled>
        <displaynames>
          <displayname description="Regarding" languagecode="1033" />
        </displaynames>
      </field>
    </EntityRelationship>
    <EntityRelationship Name="userentityinstancedata_incident">
      <EntityRelationshipType>OneToMany</EntityRelationshipType>
      <IntroducedVersion>5.0.0.0</IntroducedVersion>
      <IsHierarchical>0</IsHierarchical>
      <ReferencingEntityName>UserEntityInstanceData</ReferencingEntityName>
      <ReferencedEntityName>Incident</ReferencedEntityName>
      <CascadeAssign>NoCascade</CascadeAssign>
      <CascadeDelete>Cascade</CascadeDelete>
      <CascadeReparent>NoCascade</CascadeReparent>
      <CascadeShare>NoCascade</CascadeShare>
      <CascadeUnshare>NoCascade</CascadeUnshare>
      <ReferencingAttributeName>ObjectId</ReferencingAttributeName>
      <RelationshipDescription>
        <Descriptions>
          <Description description="Unique identifier of the source record." languagecode="1033" />
        </Descriptions>
      </RelationshipDescription>
      <field name="objectid" requiredlevel="systemrequired" imemode="auto" lookupstyle="single" lookupbrowse="0" format="">
        <IsSecured>0</IsSecured>
        <DisplayMask>ValidForAdvancedFind|ValidForForm|ValidForGrid|RequiredForForm</DisplayMask>
        <IsAuditEnabled>1</IsAuditEnabled>
        <displaynames>
          <displayname description="Object Id" languagecode="1033" />
        </displaynames>
      </field>
    </EntityRelationship>
  </EntityRelationships>
  <OrganizationSettings />
  <optionsets />
  <Languages>
    <Language>1033</Language>
  </Languages>
</ImportExportXml>